id,observedAt,commit,codeState,label,loss,bestLoss,observedResidual,evidenceDebt,confidence,improvementFromBaseline
baseline-geometry,2026-07-29T04:00:19+08:00,8d2f45d9c2efacec7eea66b59435161f1f5849d9,archive,First archived matched geometry,0.988444,0.988444,0.249666,0.984599,0.015401,0
native-readiness,2026-08-01T11:30:22.110Z,73a4ba4bf7de4145117c1fedf9477040de572a95,commit,Exact-owned Native readiness,0.980957,0.980957,0.183962,0.976664,0.023336,0.007487
browser-matrix,2026-08-03T06:27:51.539Z,4604dd443f8f351402eb33bc7fefa3f548194545,commit,Seven-state Browser matrix,0.970236,0.970236,0.21825,0.961926,0.038074,0.018208
strict-matrix,2026-08-04T11:42:06.131Z,4604dd443f8f351402eb33bc7fefa3f548194545,working-tree,39-state strict evidence matrix,0.857612,0.857612,0.129378,0.836453,0.163547,0.130832
pixel-baseline,2026-08-05T23:00:00+08:00,4604dd443f8f351402eb33bc7fefa3f548194545,working-tree,First Native pixel baseline,0.857892,0.857612,0.13212,0.836259,0.163741,0.130552
masked-pixel-convergence,2026-08-07T00:00:00+08:00,4604dd443f8f351402eb33bc7fefa3f548194545,working-tree,Masked pixel residual convergence,0.849471,0.849471,0.127343,0.827505,0.172495,0.138973
review-interaction-matrix,2026-08-08T01:10:12.108Z,4604dd443f8f351402eb33bc7fefa3f548194545,working-tree,Four-state review interaction matrix,0.829898,0.829898,0.118617,0.807006,0.192994,0.158546
model-picker-closeout,2026-08-11T17:10:26.391Z,4604dd443f8f351402eb33bc7fefa3f548194545,working-tree,Model Picker fidelity closeout,0.781873,0.781873,0.094792,0.759031,0.240969,0.206571
evidence-archaeology-reset,2026-08-12T05:40:56+08:00,25db04b687d3473a3b807a6e674c71fecc534b2d,commit,Evidence archaeology reset,0.945468,0.781873,0.094792,0.939758,0.060242,0.042976
composer-docked-current-browser,2026-08-12T19:47:57.286Z,43d1855adbc05922364c5ff312d954282cb7b361,commit,Current-head docked Composer browser pair,0.939555,0.781873,0.090618,0.933532,0.066468,0.048889
composer-docked-placeholder-fix,2026-08-12T20:19:51.229Z,43d1855adbc05922364c5ff312d954282cb7b361,working-tree,Docked Composer placeholder parity,0.939305,0.781873,0.087534,0.933482,0.066518,0.049139
sidebar-resize-native-interaction-fix,2026-08-14T05:32:00+08:00,c26ae5afbc5f8290a765879bb04275a38935a4f6,commit,Native Sidebar resize cursor tracking,0.9313,0.781873,0.078131,0.925477,0.074523,0.057144
review-diff-current-head-evidence-blocker,2026-08-14T05:34:00+08:00,c26ae5afbc5f8290a765879bb04275a38935a4f6,commit,Review diff current-head evidence blocker,0.9313,0.781873,0.078131,0.925477,0.074523,0.057144
composer-hero-sendable-current-browser,2026-08-14T06:05:00+08:00,1a4fc90c5e092ac2b9fd16fe93fbe600609565a8,commit,Current-head Hero and Sendable Composer pair,0.918851,0.781873,0.069577,0.912782,0.087218,0.069593
composer-hero-footer-material-fix,2026-08-14T06:13:00+08:00,633dca6512d09cf47ce4d61393e63507988a4839,commit,Hero Composer footer material parity,0.918823,0.781873,0.069258,0.912782,0.087218,0.069621
lifecycle-error-current-browser,2026-08-14T07:11:00+08:00,8fb8d7f4d10d65d2235d1fad7dbef3b6873108e3,commit,Lifecycle reconnecting parity,0.913754,0.781873,0.064365,0.907821,0.092179,0.07469
existing-thread-idle-current-browser,2026-08-14T07:35:10+08:00,d283dda05af714927db481073ec3c4a2ca185ed8,commit,Current idle-thread Sidebar baseline,0.910162,0.781873,0.064462,0.903972,0.096028,0.078282
existing-thread-idle-sidebar-geometry-fix,2026-08-14T07:53:51+08:00,d9d2444e544dcb8dde33fcc81ae7b9f3f963221a,commit,Idle-thread Sidebar row containment,0.909876,0.781873,0.061484,0.903972,0.096028,0.078568
composer-footer-icon-geometry-fix,2026-08-14T08:32:12+08:00,2c3cd543da2416bd186ef351f31be5fd66888c64,commit,Composer Footer icon geometry,0.909822,0.781873,0.061178,0.903946,0.096054,0.078622
composer-footer-label-alpha-fix,2026-08-14T09:08:24+08:00,0359ee006da99ba7705173a58c02addc7cca26c3,commit,Composer Footer label alpha,0.909819,0.781873,0.061141,0.903946,0.096054,0.078625
composer-context-icon-geometry-fix,2026-08-14T09:41:11+08:00,594e7ad34c8d2607e60b473ec4ceb153121ebbd8,commit,Composer Context icon geometry,0.909806,0.781873,0.061012,0.903946,0.096054,0.078638
composer-context-control-geometry-fix,2026-08-14T10:21:05+08:00,f19b0427ad039beeb2ca337374f65fad16b09b41,commit,Composer Context control geometry,0.909791,0.781873,0.060848,0.903946,0.096054,0.078653
composer-context-label-typography-fix,2026-08-14T10:48:39+08:00,f7cf8c2f9976252a1b093c568064e74a01133ece,commit,Composer Context label typography,0.909767,0.781873,0.060603,0.903946,0.096054,0.078677
composer-context-exact-icon-raster-fix,2026-08-14T11:16:44+08:00,6c96d45e857d561d60c5387913e2d1d2ca59ade1,commit,Composer Context exact icon rasters,0.909766,0.781873,0.060587,0.903946,0.096054,0.078678
composer-light-context-shared-ramp-fix,2026-08-14T12:11:19+08:00,e3b3bee8c1c57606553d40604417e41af64f6e1d,commit,Composer light Context shared material,0.908821,0.781873,0.060742,0.902924,0.097076,0.079623
composer-hero-1440-responsive-certification,2026-08-14T12:43:57+08:00,a58e3272a874a764ccc255754dfd7e9ffd997da9,commit,Composer Hero 1440 responsive certification,0.908821,0.781873,0.060742,0.902924,0.097076,0.079623
composer-footer-icon-material-fix,2026-08-14T13:22:36+08:00,6a013a418b639734d723d6791451ec63b22bc270,commit,Composer Footer icon material,0.908819,0.781873,0.060727,0.902924,0.097076,0.079625
existing-thread-working-layout-fix,2026-08-14T14:22:02+08:00,9e4e1187ad3eed3a177a638f6390648a906a267d,commit,Existing Thread working layout,0.903362,0.781873,0.057882,0.897425,0.102575,0.085082
existing-thread-completed-layout-fix,2026-08-14T15:23:56+08:00,65300ce8a08db8c5901ad2b8e890d5cf01bce402,commit,Existing Thread completed layout,0.897896,0.781873,0.055244,0.891925,0.108075,0.090548
existing-thread-failed-presentation-fix,2026-08-14T19:09:09+08:00,13d2cebdbfabca6a7ef523a5abc5104016e6b584,commit,Existing Thread failed presentation,0.893668,0.781873,0.054614,0.887525,0.112475,0.094776
existing-thread-approval-layout-fix,2026-08-15T01:43:31+08:00,547ebe3dbe6438d0952b94968f3b0e19be0f6589,commit,Existing Thread approval layout,0.888796,0.781873,0.053087,0.882562,0.117438,0.099648
existing-thread-question-interaction-fix,2026-08-15T04:55:57+09:00,686456d8f51ad3c030ac650e0b82de4cd907010e,commit,Existing Thread question interaction,0.880575,0.781873,0.050526,0.87422,0.12578,0.107869
composer-disabled-recovery-certification,2026-08-15T05:27:13+09:00,f7b9aaeb7eafb36c3f2dc1518a796ea6ef6c5141,commit,Composer disabled recovery certification,0.868217,0.781873,0.047,0.861718,0.138282,0.120227
review-diff-browser-baseline,2026-08-15T05:40:00+09:00,c8f0355f4107455c58907eb3e699dd556c4da18e,commit,Review diff Browser baseline,0.866209,0.781873,0.085576,0.853689,0.146311,0.122235
review-diff-rendering-fix,2026-08-15T06:06:00+09:00,bae3768289d7d8e234a40a774b708aafdb99a7ab,commit,Review diff rendering,0.860862,0.781873,0.04903,0.853689,0.146311,0.127582
review-diff-native-certification,2026-08-15T06:20:28+09:00,9e2c6770e7fa6a7ab88cc1c3a422e43554194ffe,commit,Review diff Native certification,0.850734,0.781873,0.038592,0.844743,0.155257,0.13771
new-thread-hero-browser-certification,2026-08-15T06:36:00+09:00,52b94146f27cbca14ef27bc42ac1889fbd64478e,commit,New Thread Hero Browser certification,0.845431,0.781873,0.036284,0.839612,0.160388,0.143013
new-thread-hero-native-certification,2026-08-15T06:45:03+09:00,c7d056fb7f349f77b2e567ed4493cb523eb17ada,commit,New Thread Hero Native certification,0.839695,0.781873,0.034724,0.833928,0.166072,0.148749
composer-working-browser-certification,2026-08-15T07:10:00+09:00,1ca68b58353bd0b8e682f7ab39b666a96e7d3d44,commit,Composer working Browser certification,0.834287,0.781873,0.034142,0.828429,0.171571,0.154157
composer-working-native-certification,2026-08-15T07:19:45+09:00,3c61c2d287cf894f917e795b32c12feae5f43f9f,commit,Composer working Native certification,0.828603,0.781873,0.033048,0.822745,0.177255,0.159841
settings-general-browser-certification,2026-08-15T07:34:00+09:00,db291a4751668918d1005aec480941dc7a1db7e0,commit,Settings General Browser certification,0.825141,0.781873,0.03355,0.819071,0.180929,0.163303
settings-general-native-certification,2026-08-15T07:40:28+09:00,8805a4301835add3395c535e6058295ad8c17846,commit,Settings General Native certification,0.817261,0.781873,0.031908,0.811238,0.188762,0.171183
model-picker-default-browser-certification,2026-08-15T14:37:44+09:00,12b76d6ffbf21c2e93d037b3b3b3350c52689113,commit,Model Picker default Browser certification,0.812619,0.781873,0.03178,0.806468,0.193532,0.175825
model-picker-default-native-certification,2026-08-15T14:38:04+09:00,12b76d6ffbf21c2e93d037b3b3b3350c52689113,commit,Model Picker default Native certification,0.804847,0.781873,0.030514,0.798704,0.201296,0.183597
settings-source-control-browser-certification,2026-08-15T16:18:40+09:00,7969899b001369799050a764a14687d31574ba57,commit,Settings Source Control Browser certification,0.800229,0.781873,0.031457,0.793741,0.206259,0.188215
settings-source-control-native-certification,2026-08-15T16:19:12+09:00,7969899b001369799050a764a14687d31574ba57,commit,Settings Source Control Native certification,0.792127,0.781873,0.030268,0.785638,0.214362,0.196317
project-scope-open-browser-certification,2026-08-15T19:01:39+09:00,02f2dd25f33c9c1eef49841f827e3d9455b077a4,commit,Project Scope Browser certification,0.78831,0.781873,0.029961,0.781771,0.218229,0.200134
project-scope-open-native-certification,2026-08-15T19:01:39+09:00,02f2dd25f33c9c1eef49841f827e3d9455b077a4,commit,Project Scope Native certification,0.780207,0.780207,0.028888,0.773669,0.226331,0.208237
composer-hero-non-git-browser-certification,2026-08-15T19:58:44+09:00,dfee2469653d51336abfed60cca1928c4cd3cf61,commit,Composer Hero non-git Browser certification,0.780202,0.780202,0.028929,0.773654,0.226346,0.208242
composer-hero-non-git-native-certification,2026-08-15T19:58:44+09:00,dfee2469653d51336abfed60cca1928c4cd3cf61,commit,Composer Hero non-git Native certification,0.772811,0.772811,0.025825,0.766789,0.233211,0.215633
composer-sendable-non-git-browser-certification,2026-08-15T20:08:00+09:00,fd1d70d252413edb52c74cbfd903f10caec1e765,commit,Composer Sendable non-git Browser certification,0.772731,0.772731,0.02585,0.7667,0.2333,0.215713
existing-thread-idle-browser-certification,2026-08-15T21:12:00+09:00,ddfc8dd518a65602e6d3c3205ba9eac41078f1a1,commit,Existing Thread idle Browser certification,0.771298,0.771298,0.025063,0.765418,0.234582,0.217146
existing-thread-idle-native-certification,2026-08-15T21:12:00+09:00,ddfc8dd518a65602e6d3c3205ba9eac41078f1a1,commit,Existing Thread idle Native certification,0.765412,0.765412,0.024008,0.759641,0.240359,0.223032
new-thread-hero-light-browser-certification,2026-08-15T21:20:00+09:00,72471987d666ecb66c9636041cfb8127b837f08c,commit,New Thread light Hero Browser certification,0.762028,0.762028,0.023649,0.756264,0.243736,0.226416
new-thread-hero-light-native-certification,2026-08-15T21:20:00+09:00,72471987d666ecb66c9636041cfb8127b837f08c,commit,New Thread light Hero Native certification,0.757416,0.757416,0.023062,0.751689,0.248311,0.231028
quick-switch-default-browser-certification,2026-08-15T21:42:00+09:00,abfeebf434247bb32ca36a8fea5d0df7e2ac12fe,commit,Quick Switch default Browser certification,0.752211,0.752211,0.02306,0.746362,0.253638,0.236233
quick-switch-default-native-certification,2026-08-15T21:42:00+09:00,9e56664a7f15e678bd80839bc64def1ac4b9fd24,commit,Quick Switch default Native certification,0.746299,0.746299,0.022535,0.74045,0.25955,0.242145
quick-switch-query-browser-certification,2026-08-15T21:50:00+09:00,2983344b6a10c6a1098b7c435290dbda95545f3e,commit,Quick Switch query Browser certification,0.741048,0.741048,0.02237,0.735123,0.264877,0.247396
quick-switch-actions-only-browser-certification,2026-08-15T22:04:00+09:00,aa87ec40286a751999110035b02d486c4b61cb9a,commit,Quick Switch actions-only Browser certification,0.737121,0.737121,0.02229,0.731128,0.268872,0.251323
quick-switch-empty-browser-certification,2026-08-15T22:04:00+09:00,aa87ec40286a751999110035b02d486c4b61cb9a,commit,Quick Switch empty Browser certification,0.733185,0.733185,0.022182,0.727133,0.272867,0.255259
session-working-projection-certification,2026-08-15T22:41:00+09:00,922fbb9d4b79187842ebe52b969326e046ea200c,commit,Session-derived Working and Connecting certification,0.733185,0.733185,0.022182,0.727133,0.272867,0.255259
composer-working-model-projection-fix,2026-08-15T23:03:15+09:00,a1c22c53b307bb6926ebbc84412bb1069dbdea9a,commit,Composer Working thread model projection,0.733185,0.733185,0.022182,0.727133,0.272867,0.255259
model-picker-selected-browser-certification,2026-08-15T23:49:42+09:00,04d247062973d4f45e9ac12f14693828e8f8d334,commit,Model Picker selected-model Browser certification,0.7274,0.7274,0.022053,0.721253,0.278747,0.261044
composer-docked-browser-certification-current,2026-08-15T23:58:22+09:00,d447a3dcd133e234acaa079d3127b365a023daed,commit,Composer Docked current Browser certification,0.727195,0.727195,0.022086,0.721034,0.278966,0.261249
existing-thread-working-inset-fix-current,2026-08-16T00:14:57+09:00,a1508ad462af12c02637721e399fb767447d936a,commit,Existing Thread working inset current certification,0.727258,0.727195,0.022312,0.721034,0.278966,0.261186
model-picker-provider-rail-browser-certification-current,2026-08-16T00:23:05+09:00,c50d5242e952b2bf28ca34d97422ca97ddda8db7,commit,Model Picker provider rail current Browser certification,0.722197,0.722197,0.022265,0.715871,0.284129,0.266247
model-picker-query-browser-certification-current,2026-08-16T00:31:02+09:00,c166eadb9faffeab5c017d8f7e2e52b56d288242,commit,Model Picker query current Browser certification,0.717339,0.717339,0.022178,0.710927,0.289073,0.271105
composer-sendable-browser-certification-current,2026-08-16T00:38:25+09:00,1e834cb701ad5ccb4fd31d1f50047b8ad0fe14e5,commit,Composer Sendable current Browser certification,0.717357,0.717339,0.022241,0.710927,0.289073,0.271087
settings-archive-browser-certification-current,2026-08-16T01:18:08+09:00,391999b599f42ba922cae153b9a63306e7bf8314,commit,Settings Archive current Browser certification,0.714109,0.714109,0.022168,0.707628,0.292372,0.274335
settings-beta-browser-certification-current,2026-08-16T01:43:30+09:00,1f104806f197c1b831674879182bbb1a21e5aa6e,commit,Settings Beta current Browser certification,0.710916,0.710916,0.022281,0.704328,0.295672,0.277528
settings-source-control-loading-browser-evidence-current,2026-08-16T02:00:00+09:00,56ca43762e7022ff883645bd3be141abc70eb441,commit,Settings Source Control loading current Browser evidence,0.708481,0.708481,0.024928,0.701028,0.298972,0.279963
settings-source-control-error-browser-certification-current,2026-08-16T02:33:03+09:00,aa8a3a87137d53e524cf502e0612de0d33fb88e4,commit,Settings Source Control error current Browser certification,0.705286,0.705286,0.025001,0.697729,0.302271,0.283158
settings-source-control-error-native-certification-current,2026-08-16T02:34:19+09:00,970cdc83d536469e2a62f03c0ee578308b81b8b0,commit,Settings Source Control error current Native certification,0.699209,0.699209,0.024508,0.691652,0.308348,0.289235
settings-source-control-loading-browser-certification-current,2026-08-16T03:17:46+09:00,32b91314fe3c63f4b41ba477c7423211eb155d85,commit,Settings Source Control loading current Browser certification,0.698444,0.698444,0.022029,0.691652,0.308348,0.29
settings-source-control-loading-native-certification-current,2026-08-16T03:18:11+09:00,4e0c5a142c6c113fd897becf02ac7fa8035b2ca7,commit,Settings Source Control loading current Native certification,0.69401,0.69401,0.021717,0.687217,0.312783,0.294434
review-checkpoint-tree-native-baseline-current,2026-08-16T04:35:03+09:00,001971881ff045bb7e5577df50aea539c7decd06,commit,Review Checkpoint and Tree current Native baseline,0.681996,0.681996,0.02231,0.674739,0.325261,0.306448
review-checkpoint-tree-browser-certification-current,2026-08-16T04:41:24+09:00,24010b27e01e40558ae0aa669427f7c64213f923,commit,Review Checkpoint and Tree current Browser certification,0.670447,0.670447,0.022038,0.66302,0.33698,0.317997
review-checkpoint-tree-native-width-fix-current,2026-08-16T04:42:48+09:00,24010b27e01e40558ae0aa669427f7c64213f923,commit,Review Checkpoint and Tree Native width fix,0.669814,0.669814,0.020161,0.66302,0.33698,0.31863
composer-sendable-toolbar-allocation-refinement-current,2026-08-16T05:01:02+09:00,3f0942855bdc5cfd78ea4a19a89c6a067e4e74e5,commit,Composer Sendable toolbar allocation refinement,0.669795,0.669795,0.020105,0.66302,0.33698,0.318649
settings-general-column-flow-baseline-current,2026-08-16T05:06:40+09:00,ae12d3c54e00fdf705a92bfb17a5107842e9b6d9,commit,Settings General current column-flow baseline,0.669583,0.669583,0.023695,0.661564,0.338436,0.318861
settings-general-column-flow-fix-current,2026-08-16T05:19:03+09:00,d2e57a3b25b9baf6c515500660a82d39d28663b7,commit,Settings General column-flow fix,0.668567,0.668567,0.020691,0.661564,0.338436,0.319877
review-diff-current-harness-refinement,2026-08-16T06:20:00+09:00,0873f65e5600f685d2ae9c24b49043d4a2b3f0f0,commit,Review Full Diff current harness refinement,0.668034,0.668034,0.019118,0.661564,0.338436,0.32041
review-diff-background-fix-current,2026-08-16T06:21:22+09:00,cd816245dbc3c1c0340023e36506366ccb0b63cf,commit,Review Full Diff background fix,0.668034,0.668034,0.019116,0.661564,0.338436,0.32041
existing-thread-completed-current-rich-fixture,2026-08-16T06:42:56+09:00,c37644560980b4fdb64ae3e56110fbb3b1fd7119,commit,Existing Thread Completed current rich fixture,0.668077,0.668034,0.019244,0.661564,0.338436,0.320367
settings-connections-current-session-baseline,2026-08-16T06:54:00+09:00,bad65fb3b1607e606ccbebc84d26aef4cefd39a8,commit,Settings Connections current session baseline,0.665773,0.665773,0.021971,0.658264,0.341736,0.322671
settings-connections-column-flow-fix-current,2026-08-16T06:59:12+09:00,0e942fe97ab334ce46d192aea74ecb9472397398,commit,Settings Connections column-flow fix,0.665213,0.665213,0.020333,0.658264,0.341736,0.323231
review-empty-current-grid-baseline,2026-08-16T07:07:00+09:00,02b431c039bc362261ad594228318d0fcbad9474,commit,Review Empty current grid baseline,0.662698,0.662698,0.022414,0.654965,0.345035,0.325746
review-empty-shared-grid-fix-current,2026-08-16T07:15:36+09:00,f69627d31940cefc6ab6a02715447abe6bc50825,commit,Review Empty shared action grid fix,0.662127,0.662127,0.020758,0.654965,0.345035,0.326317
model-picker-empty-current-visible-baseline,2026-08-16T07:38:00+09:00,2361c2ea07b4f2ac854b8fe1a8236239e272108d,commit,Model Picker Empty current visible baseline,0.658711,0.658711,0.021835,0.651093,0.348907,0.329733
model-picker-empty-visible-panel-fix-current,2026-08-16T07:50:49+09:00,8a4d5d5b0ada6afe895ecb2be9a511dd2d1553cc,commit,Model Picker Empty visible panel fix,0.658307,0.658307,0.020678,0.651093,0.348907,0.330137
quick-switch-query-current-visible-baseline,2026-08-16T07:56:00+09:00,2339dc20b3ed28f40eda5d8a5dedd25c551a4e95,commit,Quick Switch Query current visible baseline,0.658513,0.658307,0.021267,0.651093,0.348907,0.329931
quick-switch-query-glass-fix-current,2026-08-16T08:03:00+09:00,bdd6da2d54bfa4d8fb562975536eec98fe181dc4,commit,Quick Switch Query glass material fix,0.65831,0.658307,0.020687,0.651093,0.348907,0.330134
quick-switch-filter-states-current-visible-baseline,2026-08-16T08:11:00+09:00,742e035cd98cf57c2366c378be1895a3d4e5a8af,commit,Quick Switch filter states current visible baseline,0.6587,0.658307,0.021804,0.651093,0.348907,0.329744
quick-switch-filter-states-glass-fix-current,2026-08-16T08:13:47+09:00,bdd6da2d54bfa4d8fb562975536eec98fe181dc4,commit,Quick Switch filter states glass fix,0.658241,0.658241,0.020487,0.651093,0.348907,0.330203
model-picker-selected-current-visible-baseline,2026-08-16T08:51:27+09:00,137d9ba020c06e0e515fa83b5475a94e8bb06ab2,commit,Model Picker selected-model current visible baseline,0.657799,0.657799,0.021677,0.650217,0.349783,0.330645
model-picker-selected-row-fidelity-fix-current,2026-08-16T08:51:27+09:00,4945d125c579a428f8b1d40d2dbbd1988d12d0b4,commit,Model Picker selected-row fidelity fix,0.65766,0.65766,0.021281,0.650217,0.349783,0.330784
existing-thread-working-light-responsive-baseline,2026-08-16T09:44:51+09:00,4548f83ec5125556dcd6e47cf58896f16013bf25,commit,Existing Thread Working light responsive baseline,0.655814,0.655814,0.021109,0.648392,0.351608,0.33263
existing-thread-working-responsive-brand-fix,2026-08-16T09:44:51+09:00,980260efa64083bfc6bed9e18b7adb670eeb04ad,commit,Existing Thread Working responsive brand fix,0.655802,0.655802,0.021074,0.648392,0.351608,0.332642
existing-thread-working-light-native-responsive-certification,2026-08-16T09:44:51+09:00,980260efa64083bfc6bed9e18b7adb670eeb04ad,commit,Existing Thread Working light Native responsive certification,0.646238,0.646238,0.020359,0.638886,0.361114,0.342206
existing-thread-working-header-git-publish-fix-current,2026-08-16T11:42:06+09:00,0b5d7a25215ba37a91f494f2d8f6f441fb86c4d0,commit,Existing Thread Working Header Git publish fix,0.64533,0.64533,0.020815,0.637791,0.362209,0.343114
existing-thread-working-native-git-publish-certification-current,2026-08-16T11:42:06+09:00,66767382708ee72d19a365cf2a6e3807eefacef8,commit,Existing Thread Working Native Git publish certification,0.64533,0.64533,0.020815,0.637791,0.362209,0.343114
settings-beta-mutation-native-certification-current,2026-08-16T12:19:29+09:00,f1da007ee4b2a402683390db431b857bb21b4ca2,commit,Settings Beta Native mutation certification,0.643057,0.643057,0.020685,0.635518,0.364482,0.345387
lifecycle-native-recovery-certification-current,2026-08-16T12:51:54+09:00,94297adf8e3b4585b9401a418b2a987976c9f198,commit,Lifecycle Native Recovery certification,0.639647,0.639647,0.020493,0.632107,0.367893,0.348797
settings-archive-mutation-native-certification-current,2026-08-16T13:10:46+09:00,a3458c43b48a3804c0ff04102d298c5e35234472,commit,Settings Archive Native mutation certification,0.637373,0.637373,0.020368,0.629834,0.370166,0.351071
settings-connections-mutation-native-certification-current,2026-08-16T13:32:01+09:00,7e717ab1cb2399e82d0a4477b66e71a36a7fa33e,commit,Settings Connections Native mutation certification,0.6351,0.6351,0.020243,0.627561,0.372439,0.353344
existing-thread-failed-current-brand-fix,2026-08-16T14:03:03+09:00,9779a5864,commit,Existing Thread Failed current brand fix,0.629076,0.629076,0.019631,0.621648,0.378352,0.359368
existing-thread-approval-native-recovery-current,2026-08-16T14:55:33+09:00,b712a93780729acbe0f294b929d8f69622371052,commit,Existing Thread Approval Native recovery certification,0.623163,0.623163,0.019329,0.615735,0.384265,0.365281
existing-thread-completed-current-refresh,2026-08-16T15:21:26+09:00,42197f63416abd2341f776b60adcc34bfa0cde61,commit,Existing Thread Completed current refresh,0.615783,0.615783,0.018992,0.608345,0.391655,0.372661
model-picker-selection-mutation-native-current,2026-08-16T16:41:42+09:00,620e09e323dd6ed6f577ae213d30138391cf98e1,commit,Model Picker Native selection mutation,0.610686,0.610686,0.018748,0.603248,0.396752,0.377758
composer-runtime-menu-dismiss-native-current,2026-08-16T16:56:40+09:00,c89036268,commit,Composer runtime permission dismissal,0.605759,0.605759,0.018518,0.598321,0.401679,0.382685
composer-model-options-menu-native-current,2026-08-16T17:33:06+09:00,c64ae5f4b,commit,Composer model options Native menu,0.603295,0.603295,0.018406,0.595857,0.404143,0.385149
settings-appearance-unavailable-native-current,2026-08-16T18:00:53+09:00,9fe74b39046837552b53056e06ce95ba3b8d7a1a,commit,Settings Appearance unavailable-state Native proof,0.603295,0.603295,0.018406,0.595857,0.404143,0.385149
model-picker-dismiss-surface-native-current,2026-08-16T18:20:39+09:00,59c22b68bead8cc71839b2d98f03d1356814a3de,commit,Model Picker transparent outside-dismiss surface,0.603295,0.603295,0.018406,0.595857,0.404143,0.385149
titlebar-brand-traffic-light-native-current,2026-08-16T18:36:53+09:00,316b094f82705d94801c2197f19e00fb70a20677,commit,macOS titlebar brand traffic-light clearance,0.603295,0.603295,0.018406,0.595857,0.404143,0.385149
sidebar-card-working-native-current,2026-08-16T18:48:27+09:00,10d588ff984642e9870f3187745b493fde29bc84,commit,Sidebar card inset and Working-state proof,0.603295,0.603295,0.018406,0.595857,0.404143,0.385149
composer-light-shadow-native-current,2026-08-16T19:16:12+09:00,cfa143777a758d9208de96ed605fa1422c691b01,commit,Light Composer smooth Context shadow,0.603295,0.603295,0.018406,0.595857,0.404143,0.385149
files-browser-native-current,2026-08-16T19:48:29+09:00,95703e621,commit,Files browser Web-anatomy Native proof,0.603295,0.603295,0.018406,0.595857,0.404143,0.385149
composer-sendable-trait-tracking-current,2026-08-16T20:38:41+09:00,10ee818e6,commit,Composer Sendable multi-trait shaping fix,0.603279,0.603279,0.018365,0.595857,0.404143,0.385165
composer-sendable-send-material-current,2026-08-16T21:34:25+09:00,3b64c9604,commit,Composer Send action material fix,0.603279,0.603279,0.018365,0.595857,0.404143,0.385165
settings-connections-reachability-policy-current,2026-08-16T22:26:51+09:00,ea93a520965fc8e6b9af249a348f40454a5899fc,commit,Settings Connections reachability policy fix,0.603241,0.603241,0.018272,0.595857,0.404143,0.385203
settings-general-unavailable-native-current,2026-08-16T22:26:51+09:00,ea93a520965fc8e6b9af249a348f40454a5899fc,commit,Settings General unavailable capability treatment,0.603241,0.603241,0.018272,0.595857,0.404143,0.385203
settings-connections-network-access-current,2026-08-16T23:07:37+09:00,b38d901baa68667e8ff9bdb2fc7116b504d3240e,commit,Settings Connections fixed Network access anatomy,0.603238,0.603238,0.018263,0.595857,0.404143,0.385206
lifecycle-error-current-certification,2026-08-16T23:29:03+09:00,5e27a168c5aee3eedb0ae52e56dc9fe7dfc7ef9f,commit,Lifecycle current Browser and Native certification,0.597291,0.597291,0.017963,0.589925,0.410075,0.391153
settings-shared-content-origin-current,2026-08-16T23:54:10+09:00,9a169b44bfe12997e68de70d39b38a47cb2054b0,commit,Shared Settings content origin and route reset,0.597243,0.597243,0.017846,0.589925,0.410075,0.391201
quick-switch-query-footer-current,2026-08-17T00:30:39+09:00,b9c46c1086261b4b1e0823ec3d04acde0330c726,commit,Quick Switch Query footer anatomy,0.595005,0.595005,0.017634,0.587735,0.412265,0.393439
composer-sendable-light-1440-git-init-baseline,2026-08-17T02:47:04+09:00,632d2acafb301140f9904a2279245f73dbac9c32,commit,Composer Sendable light 1440 non-Git baseline,0.596683,0.595005,0.021703,0.587735,0.412265,0.391761
composer-sendable-light-1440-git-init-current,2026-08-17T03:28:35+09:00,5bd4b289056bac0bdf37068f09adec4392da602d,commit,Shared Initialize Git action and Native flow,0.587661,0.587661,0.014659,0.581527,0.418473,0.400783
workspace-menu-open-baseline,2026-08-17T17:24:20+09:00,591327ecc51ca6dee591ee14cf97f71295516137,working-tree,Workspace menu open baseline,0.584157,0.584157,0.022002,0.574802,0.425198,0.404287
workspace-menu-open-current,2026-08-17T18:41:46+09:00,012233c897cfb96f17c8ba86fa39922cea52b90e,commit,Workspace menu parity and Native interaction,0.572841,0.572841,0.014677,0.566478,0.433522,0.415603
file-picker-default-baseline,2026-08-17T19:04:25+09:00,b957b2d2bef0008836512d7ed1ae807a5db2b6d3,working-tree,File Picker default baseline,0.565952,0.565952,0.015068,0.559312,0.440688,0.422492
file-picker-default-current,2026-08-17T19:18:11+09:00,5816ede6acaf935dbf649a4c380469017787703a,commit,File Picker shell geometry parity,0.565918,0.565918,0.014992,0.559312,0.440688,0.422526
sidebar-inline-search-baseline,2026-08-17T20:18:00+09:00,c49abc7a5facf5c8842974c145bcc2ba295aa5d9,working-tree,Sidebar inline search baseline,0.562605,0.562605,0.022391,0.552587,0.447413,0.425839
sidebar-inline-search-current,2026-08-17T20:35:34+09:00,8d84b42edc7fa7bbbd44ea2e44d078eb2a658990,commit,Sidebar inline search parity and Native selection,0.551452,0.551452,0.015774,0.544264,0.455736,0.436992
git-publish-dialog-baseline,2026-08-17T21:16:06+09:00,ee4a18ae2790eefe1ed24fee3709f4b5fb691ef3,working-tree,Git Publish provider-step baseline,0.545948,0.545948,0.017234,0.537986,0.462014,0.442496
git-publish-dialog-current,2026-08-17T21:55:22+09:00,1839162ae75d310a90fd7ae28077fb15b8b3b500,commit,Git Publish provider-step parity,0.535758,0.535758,0.015249,0.528569,0.471431,0.452686
settings-appearance-browser-current,2026-08-17T22:48:32+09:00,c560d1b0d6fe1ab433454b7e1613e8321c29d997,commit,Settings Appearance Browser classification,0.530431,0.530431,0.015384,0.523095,0.476905,0.458013
settings-keybindings-baseline,2026-08-17T23:09:29+09:00,f69e0508df3c17263a667a3f43c2714834f44d8b,commit,Settings Keybindings missing-inventory baseline,0.526129,0.526129,0.019568,0.516671,0.483329,0.462315
settings-keybindings-current,2026-08-17T23:53:56+09:00,b6832cc687a836e80090a78afa8a3724ad7bb386,commit,Settings Keybindings inventory parity,0.518499,0.518499,0.015821,0.510759,0.489241,0.469945
files-browser-baseline,2026-08-18T01:38:45+09:00,0d38cf1170caf6e4baac55a8d9d0b3de08be602a,commit,Files Browser horizontal-allocation baseline,0.511869,0.511869,0.016937,0.503459,0.496541,0.476575
files-browser-current,2026-08-18T02:28:44+09:00,5f3d360399697dc1fbd3a7f8b986823442737c0b,commit,Files Browser matched Browser parity,0.502109,0.502109,0.015943,0.494043,0.505957,0.486335
file-editor-detail-baseline,2026-08-19T02:27:32+09:00,47a56c02bb108ec26636ebf783420595b3f0bf38,working-tree,File Editor detail baseline,0.498548,0.498548,0.016847,0.489955,0.510045,0.489896
file-editor-detail-current,2026-08-19T03:06:58+09:00,2b46478f47f505ee4f8b72dbb97c3736679eb956,commit,File Editor detail structural parity,0.48613,0.48613,0.016842,0.477327,0.522673,0.502314
file-editor-detail-material-current,2026-08-19T03:28:28+09:00,2e821b562,commit,File Editor Native-safe material preview,0.485994,0.485994,0.016583,0.477327,0.522673,0.50245
file-editor-detail-light-baseline,2026-08-19T03:43:01+09:00,8e133688b9c2334de4d591a7ee2dcaabbcf846de,working-tree,File Editor light footer baseline,0.479293,0.479293,0.017484,0.470027,0.529973,0.509151
file-editor-detail-light-native-certification,2026-08-19T04:10:12+09:00,02aba17efcd2e746ecf49f49ceec8114e18d5859,commit,File Editor light Native certification,0.469877,0.469877,0.017178,0.460611,0.539389,0.518567
file-editor-detail-light-current,2026-08-19T04:15:40+09:00,02aba17efcd2e746ecf49f49ceec8114e18d5859,commit,File Editor light Sidebar footer repair,0.469799,0.469799,0.017034,0.460611,0.539389,0.518645
composer-compact-controls-open-baseline,2026-08-19T04:40:02+09:00,9d9f9f3c8082d7bcb61e03075f864651931d7939,working-tree,Compact Composer controls baseline,0.464497,0.464497,0.020461,0.453311,0.546689,0.523947
composer-compact-controls-open-native-certification,2026-08-19T05:34:18+09:00,b8ca7385634b143f2ab6f2a1edaa7fe27710367a,commit,Compact Composer controls Native certification,0.45508,0.45508,0.020114,0.443895,0.556105,0.533364
composer-compact-controls-open-current,2026-08-19T05:36:00+09:00,b8ca7385634b143f2ab6f2a1edaa7fe27710367a,commit,Compact Composer controls responsive parity,0.453532,0.453532,0.01733,0.443895,0.556105,0.534912
composer-compact-controls-light-baseline,2026-08-19T05:49:10+09:00,409bab3d812d85a77464fe3d15e52f4ca0e95b61,working-tree,Compact Composer light material baseline,0.446663,0.446663,0.017869,0.436595,0.563405,0.541781
composer-compact-controls-light-native-certification,2026-08-19T06:00:31+09:00,e1f5dd41d,commit,Compact Composer light Native certification,0.437246,0.437246,0.017575,0.427179,0.572821,0.551198
composer-compact-controls-light-current,2026-08-19T06:03:30+09:00,e1f5dd41d,commit,Compact Composer light material parity,0.437219,0.437219,0.017528,0.427179,0.572821,0.551225
review-empty-typography-current,2026-08-19T06:26:00+09:00,2616dfa93,commit,Review Empty typography and material parity,0.430003,0.430003,0.017649,0.419762,0.580238,0.558441
responsive-composer-files-current,2026-08-19T07:37:46+09:00,27c794da4,commit,Responsive Composer and Files navigation fidelity,0.42869,0.42869,0.01724,0.418667,0.581333,0.559754
settings-beta-archive-light-baseline,2026-08-19T08:11:30+09:00,87e298e63,working-tree,Settings Beta and Archive light baseline,0.419065,0.419065,0.019158,0.407718,0.592282,0.569379
settings-beta-archive-light-current,2026-08-19T08:30:24+09:00,89ad06f9d,commit,Settings light navigation state parity,0.409097,0.409097,0.017047,0.398849,0.601151,0.579347
composer-inline-files-narrow-baseline,2026-08-19T08:40:03+09:00,7ce1ce3cc,working-tree,Narrow inline Files Composer baseline,0.403236,0.403236,0.019207,0.39155,0.60845,0.585208
responsive-inline-files-navigation-current,2026-08-19T09:14:00+09:00,efa58ace9,commit,Responsive inline Files and navigation fidelity,0.401968,0.401968,0.017123,0.39155,0.60845,0.586476
quick-switch-query-light-baseline,2026-08-19T09:57:42+09:00,8daff3504,commit,Quick Switch Query light baseline,0.395813,0.395813,0.018778,0.38425,0.61575,0.592631
quick-switch-query-light-current,2026-08-19T10:25:00+09:00,6d3828437,commit,Quick Switch Query light material fidelity,0.395486,0.395486,0.018248,0.38425,0.61575,0.592958
sidebar-footer-inline-files-narrow-baseline,2026-08-19T10:43:20+09:00,cbb9f156a,commit,Responsive Sidebar footer duplicate baseline,0.390944,0.390944,0.019588,0.378775,0.621225,0.5975
sidebar-footer-inline-files-narrow-current,2026-08-19T11:05:41+09:00,de09d5adf,commit,Responsive Sidebar footer convergence,0.384165,0.384165,0.018279,0.372699,0.627301,0.604279
settled-banner-inline-files-narrow-baseline,2026-08-19T11:24:47+09:00,2e55943ff,commit,Narrow inline Files settled banner baseline,0.378647,0.378647,0.020876,0.365399,0.634601,0.609797
settled-banner-inline-files-narrow-current,2026-08-19T11:54:43+09:00,8fdfcc31f,commit,Narrow inline Files settled banner convergence,0.369102,0.369102,0.018368,0.357297,0.642703,0.619342
sidebar-resize-current-baseline,2026-08-19T12:12:00+09:00,a9a200767,commit,Current resized Sidebar baseline,0.36296,0.36296,0.019942,0.349997,0.650003,0.625484
sidebar-resize-current,2026-08-19T13:35:33+09:00,15b52d003,commit,Resized Sidebar convergence,0.362374,0.362374,0.019068,0.349979,0.650021,0.62607
model-picker-dismiss-root-native-current,2026-08-19T13:35:33+09:00,15b52d003,commit,Model Picker route-root outside dismissal,0.362374,0.362374,0.019068,0.349979,0.650021,0.62607
project-action-dialog-baseline,2026-08-19T14:29:00+09:00,ac2b91b80,commit,Project Add Action dialog baseline,0.358331,0.358331,0.023811,0.34268,0.65732,0.630113
responsive-composer-files-native-refresh,2026-08-19T15:50:48+09:00,8585aef17,commit,Responsive Composer and Files Native refresh,0.358331,0.358331,0.023811,0.34268,0.65732,0.630113
